{
	"credit": "Made with Blockbench",
	"textures": {
		"1": "item/custom/coin"
	},
	"elements": [
		{
			"name": "center",
			"from": [6.95, 7, 7.75],
			"to": [9.95, 10, 8.25],
			"rotation": {"angle": 0, "axis": "y", "origin": [9.95, 7, 6.75]},
			"faces": {
				"north": {"uv": [0, 4, 3, 7], "texture": "#1"},
				"east": {"uv": [0, 0, 0.5, 3], "texture": "#1"},
				"south": {"uv": [0, 4, 3, 7], "texture": "#1"},
				"west": {"uv": [0, 0, 0.5, 3], "texture": "#1"},
				"up": {"uv": [3, 0.5, 0, 0], "texture": "#1"},
				"down": {"uv": [3, 0, 0, 0.5], "texture": "#1"}
			}
		},
		{
			"name": "rim",
			"from": [6.4, 6.4, 7.4],
			"to": [10.6, 10.6, 8.6],
			"rotation": {"angle": 0, "axis": "y", "origin": [7.5, 6.5, 7.5]},
			"faces": {
				"north": {"uv": [4, 0, 0, 4], "texture": "#1"},
				"east": {"uv": [3, 0, 4, 4], "texture": "#1"},
				"south": {"uv": [0, 0, 4, 4], "texture": "#1"},
				"west": {"uv": [0, 0, 1, 4], "texture": "#1"},
				"up": {"uv": [0, 1, 4, 0], "texture": "#1"},
				"down": {"uv": [0, 3, 4, 4], "texture": "#1"}
			}
		},
		{
			"name": "hole",
			"from": [9.6, 9.6, 8.6],
			"to": [7.4, 7.4, 7.4],
			"rotation": {"angle": 0, "axis": "y", "origin": [8.5, 8.5, 7.5]},
			"faces": {
				"north": {"uv": [2, 2, 2, 2], "texture": "#1"},
				"east": {"uv": [0, 0, 1, 0], "texture": "#1"},
				"south": {"uv": [2, 2, 2, 2], "texture": "#1"},
				"west": {"uv": [1, 5, 2, 5], "texture": "#1"},
				"up": {"uv": [2, 6, 2, 5], "texture": "#1"},
				"down": {"uv": [0, 0, 0, 1], "texture": "#1"}
			}
		}
	],
	"display": {
		"thirdperson_righthand": {
			"translation": [-0.25, 0.75, 1.25],
			"scale": [0.7, 0.7, 0.7]
		},
		"thirdperson_lefthand": {
			"translation": [0.25, 1, 1.25],
			"scale": [0.7, 0.7, 0.7]
		},
		"firstperson_righthand": {
			"translation": [0, 1.75, 0]
		},
		"firstperson_lefthand": {
			"translation": [0, 1.75, 0]
		},
		"ground": {
			"scale": [0.7, 0.7, 0.7]
		},
		"gui": {
			"rotation": [30, 225, 0],
			"translation": [0.5, -0.25, 0],
			"scale": [1.5, 1.5, 1.5]
		}
	},
	"groups": [
		{
			"name": "coin",
			"origin": [8, 8, 8],
			"color": 0,
			"nbt": "{}",
			"children": [0, 1, 2]
		}
	]
}