{
  "credit": "Made with Blockbench",
  "textures": {
    "0": "item/custom/collector",
    "particle": "item/custom/collector"
  },
  "elements": [
    {
      "from": [-0.01, 10.99, -0.01],
      "to": [16.01, 16.01, 3.01],
      "faces": {
        "north": { "uv": [8, 0, 16, 3], "texture": "#0" },
        "east": { "uv": [15.5, 0, 16, 3], "texture": "#0" },
        "south": { "uv": [8, 0, 16, 3.5], "texture": "#0" },
        "west": { "uv": [8, 0, 8.5, 3], "texture": "#0" },
        "up": { "uv": [0, 14.5, 8, 16], "texture": "#0" },
        "down": { "uv": [0, 0, 8, 8], "texture": "#0" }
      }
    },
    {
      "from": [-0.01, 10.99, 12.99],
      "to": [16.01, 16.01, 16.01],
      "faces": {
        "north": { "uv": [8, 0, 16, 3.5], "texture": "#0" },
        "east": { "uv": [8, 0, 8.5, 3], "texture": "#0" },
        "south": { "uv": [8, 0, 16, 3], "texture": "#0" },
        "west": { "uv": [15.5, 0, 16, 3], "texture": "#0" },
        "up": { "uv": [0, 8, 8, 9.5], "texture": "#0" },
        "down": { "uv": [0, 0, 8, 8], "texture": "#0" }
      }
    },
    {
      "from": [-0.01, 9.99, -0.01],
      "to": [16.01, 11.01, 16.01],
      "faces": {
        "north": { "uv": [8, 3, 16, 3.5], "texture": "#0" },
        "east": { "uv": [8, 3, 16, 3.5], "texture": "#0" },
        "south": { "uv": [8, 3, 16, 3.5], "texture": "#0" },
        "west": { "uv": [8, 3, 16, 3.5], "texture": "#0" },
        "up": { "uv": [0, 8, 8, 16], "texture": "#0" },
        "down": { "uv": [0, 0, 8, 8], "texture": "#0" }
      }
    },
    {
      "from": [12.99, 10.99, 2.99],
      "to": [16.01, 16.01, 13.01],
      "faces": {
        "north": { "uv": [8, 0, 16, 3.5], "texture": "#0" },
        "east": { "uv": [8.5, 0, 15.5, 3], "texture": "#0" },
        "south": { "uv": [8, 0, 16, 3.5], "texture": "#0" },
        "west": { "uv": [9.5, 0, 14.5, 3.5], "texture": "#0" },
        "up": { "uv": [0, 9.5, 1.5, 14.5], "texture": "#0" },
        "down": { "uv": [0, 0, 8, 8], "texture": "#0" }
      }
    },
    {
      "from": [-0.01, 10.99, 2.99],
      "to": [3.01, 16.01, 13.01],
      "faces": {
        "north": { "uv": [8, 0, 16, 3.5], "texture": "#0" },
        "east": { "uv": [9.5, 0, 14.5, 3.5], "texture": "#0" },
        "south": { "uv": [8, 0, 16, 3.5], "texture": "#0" },
        "west": { "uv": [8.5, 0, 15.5, 3], "texture": "#0" },
        "up": { "uv": [6.5, 9.5, 8, 14.5], "texture": "#0" },
        "down": { "uv": [0, 0, 8, 8], "texture": "#0" }
      }
    },
    {
      "from": [3.99, 3.99, 3.99],
      "to": [12.01, 10.01, 12.01],
      "faces": {
        "north": { "uv": [8, 3.5, 12, 6.5], "texture": "#0" },
        "east": { "uv": [8, 3.5, 12, 6.5], "texture": "#0" },
        "south": { "uv": [8, 3.5, 12, 6.5], "texture": "#0" },
        "west": { "uv": [8, 3.5, 12, 6.5], "texture": "#0" },
        "up": { "uv": [12, 3.5, 16, 7.5], "texture": "#0" },
        "down": { "uv": [12, 3.5, 16, 7.5], "texture": "#0" }
      }
    },
    {
      "from": [5.99, -0.01, 5.99],
      "to": [10.01, 4.01, 10.01],
      "faces": {
        "north": { "uv": [8, 6.5, 10, 8.5], "texture": "#0" },
        "east": { "uv": [8, 6.5, 10, 8.5], "texture": "#0" },
        "south": { "uv": [8, 6.5, 10, 8.5], "texture": "#0" },
        "west": { "uv": [8, 6.5, 10, 8.5], "texture": "#0" },
        "up": { "uv": [8, 8.5, 10, 10.5], "texture": "#0" },
        "down": { "uv": [10, 6.5, 12, 8.5], "texture": "#0" }
      }
    }
  ],
  "display": {
    "thirdperson_righthand": {
      "rotation": [75, 45, 0],
      "translation": [0, 2.5, 0],
      "scale": [0.375, 0.375, 0.375]
    },
    "thirdperson_lefthand": {
      "rotation": [75, 45, 0],
      "translation": [0, 2.5, 0],
      "scale": [0.375, 0.375, 0.375]
    },
    "firstperson_righthand": {
      "rotation": [0, 45, 0],
      "scale": [0.4, 0.4, 0.4]
    },
    "firstperson_lefthand": {
      "rotation": [0, 225, 0],
      "scale": [0.4, 0.4, 0.4]
    },
    "ground": {
      "translation": [0, 3, 0],
      "scale": [0.25, 0.25, 0.25]
    },
    "gui": {
      "rotation": [30, 225, 0],
      "scale": [0.625, 0.625, 0.625]
    },
    "head": {
      "rotation": [18, 0, -180],
      "translation": [0, 10.25, 2.5]
    },
    "fixed": {
      "scale": [0.5, 0.5, 0.5]
    }
  },
  "groups": [
    {
      "name": "group",
      "origin": [8, 8, 8],
      "color": 0,
      "nbt": "{}",
      "children": [0, 1, 2, 3, 4, 5, 6]
    }
  ]
}
