{
	"credit": "Made with Blockbench",
	"texture_size": [32, 32],
	"textures": {
		"1": "item/custom/gun_fire"
	},
	"elements": [
		{
			"from": [7, 0, 7],
			"to": [9, 8, 10],
			"rotation": {"angle": -22.5, "axis": "x", "origin": [7, 2, 7]},
			"faces": {
				"north": {"uv": [5, 3, 6, 7], "texture": "#1"},
				"east": {"uv": [2, 3, 3.5, 7], "texture": "#1"},
				"south": {"uv": [6, 3, 7, 7], "texture": "#1"},
				"west": {"uv": [3.5, 3, 5, 7], "texture": "#1"},
				"up": {"uv": [3, 8.5, 2, 7], "texture": "#1"},
				"down": {"uv": [4, 7, 3, 8.5], "texture": "#1"}
			}
		},
		{
			"from": [7.5, 4.19133, 3.55054],
			"to": [8.5, 6.19133, 4.55054],
			"rotation": {"angle": 0, "axis": "y", "origin": [6.5, 2.19133, 4.55054]},
			"faces": {
				"north": {"uv": [8, 0.5, 8.5, 1.5], "texture": "#1"},
				"east": {"uv": [8, 0.5, 8.5, 1.5], "texture": "#1"},
				"south": {"uv": [8, 0.5, 8.5, 1.5], "texture": "#1"},
				"west": {"uv": [8, 0.5, 8.5, 1.5], "texture": "#1"},
				"up": {"uv": [8.5, 2, 8, 1.5], "texture": "#1"},
				"down": {"uv": [8.5, 2, 8, 2.5], "texture": "#1"}
			}
		},
		{
			"from": [7.5, 3.19133, 3.55054],
			"to": [8.5, 4.19133, 6.55054],
			"rotation": {"angle": 0, "axis": "y", "origin": [6.5, 0.19133, 4.55054]},
			"faces": {
				"north": {"uv": [8, 2.5, 8.5, 3], "texture": "#1"},
				"east": {"uv": [7, 4.5, 8.5, 5], "texture": "#1"},
				"south": {"uv": [8, 3, 8.5, 3.5], "texture": "#1"},
				"west": {"uv": [7, 4.5, 8.5, 5], "texture": "#1"},
				"up": {"uv": [8.5, 5, 7, 4.5], "texture": "#1"},
				"down": {"uv": [8.5, 4.5, 7, 5], "texture": "#1"}
			}
		},
		{
			"from": [7.5, 4.44133, 5.30054],
			"to": [8.5, 7.44133, 6.30054],
			"rotation": {"angle": 22.5, "axis": "x", "origin": [8, 5.94133, 5.80054]},
			"faces": {
				"north": {"uv": [5, 7, 5.5, 8.5], "texture": "#1"},
				"east": {"uv": [7, 5, 7.5, 6.5], "texture": "#1"},
				"south": {"uv": [5.5, 7, 6, 8.5], "texture": "#1"},
				"west": {"uv": [6, 7, 6.5, 8.5], "texture": "#1"},
				"up": {"uv": [8.5, 4, 8, 3.5], "texture": "#1"},
				"down": {"uv": [8.5, 4, 8, 4.5], "texture": "#1"}
			}
		},
		{
			"from": [6.9, 5.59133, -1.62446],
			"to": [9.1, 8.79133, 11.57554],
			"rotation": {"angle": 0, "axis": "y", "origin": [7, 2.69133, 6.47554]},
			"faces": {
				"north": {"uv": [7, 3, 8, 4.5], "texture": "#1"},
				"east": {"uv": [0, 0, 6.5, 1.5], "texture": "#1"},
				"south": {"uv": [4, 7, 5, 8.5], "texture": "#1"},
				"west": {"uv": [0, 1.5, 6.5, 3], "texture": "#1"},
				"up": {"uv": [1, 9.5, 0, 3], "texture": "#1"},
				"down": {"uv": [2, 3, 1, 9.5], "texture": "#1"}
			}
		},
		{
			"from": [7.5, 8.46193, -1.37118],
			"to": [8.5, 9.46193, 1.62882],
			"rotation": {"angle": 22.5, "axis": "x", "origin": [8, 8.96193, -0.87118]},
			"faces": {
				"north": {"uv": [8, 5, 8.5, 5.5], "texture": "#1"},
				"east": {"uv": [6.5, 7, 8, 7.5], "texture": "#1"},
				"south": {"uv": [8, 5.5, 8.5, 6], "texture": "#1"},
				"west": {"uv": [7, 6.5, 8.5, 7], "texture": "#1"},
				"up": {"uv": [8, 3, 7.5, 1.5], "texture": "#1"},
				"down": {"uv": [8, 5, 7.5, 6.5], "texture": "#1"}
			}
		},
		{
			"from": [7.5, 8.69133, 8.47554],
			"to": [8.5, 9.69133, 9.47554],
			"rotation": {"angle": 0, "axis": "y", "origin": [7.5, 3.69133, 4.47554]},
			"faces": {
				"north": {"uv": [8, 6, 8.5, 6.5], "texture": "#1"},
				"east": {"uv": [6.5, 8, 7, 8.5], "texture": "#1"},
				"south": {"uv": [7, 8, 7.5, 8.5], "texture": "#1"},
				"west": {"uv": [8, 7, 8.5, 7.5], "texture": "#1"},
				"up": {"uv": [8, 8.5, 7.5, 8], "texture": "#1"},
				"down": {"uv": [8.5, 7.5, 8, 8], "texture": "#1"}
			}
		},
		{
			"from": [7.5, 7.2, -3.8],
			"to": [8.5, 8.2, -0.8],
			"rotation": {"angle": 0, "axis": "y", "origin": [6.5, 6.2, -3.8]},
			"faces": {
				"north": {"uv": [8, 8, 8.5, 8.5], "texture": "#1"},
				"east": {"uv": [6.5, 7.5, 8, 8], "texture": "#1"},
				"south": {"uv": [8, 8, 8.5, 8.5], "texture": "#1"},
				"west": {"uv": [8, 0, 9.5, 0.5], "texture": "#1"},
				"up": {"uv": [9.5, 0.5, 8, 0], "texture": "#1"},
				"down": {"uv": [9.5, 0, 8, 0.5], "texture": "#1"}
			}
		},
		{
			"from": [6.5, 6.2, -3.9],
			"to": [9.5, 9.2, -3.9],
			"rotation": {"angle": 0, "axis": "y", "origin": [6.5, 6.2, -3.9]},
			"faces": {
				"north": {"uv": [6.5, 0, 8, 1.5], "texture": "#1"},
				"east": {"uv": [0, 0, 0, 1.5], "texture": "#1"},
				"south": {"uv": [6.5, 0, 8, 1.5], "texture": "#1"},
				"west": {"uv": [0, 0, 0, 1.5], "texture": "#1"},
				"up": {"uv": [0, 1.5, 0, 0], "texture": "#1"},
				"down": {"uv": [0, 0, 0, 1.5], "texture": "#1"}
			}
		},
		{
			"from": [6.5, 7.7, -5.9],
			"to": [9.5, 7.7, -3.9],
			"rotation": {"angle": 0, "axis": "y", "origin": [6.5, 5.7, -4.9]},
			"faces": {
				"north": {"uv": [0, 0, 0, 1.5], "texture": "#1"},
				"east": {"uv": [0, 0, 0, 1], "texture": "#1"},
				"south": {"uv": [0, 0, 0, 1.5], "texture": "#1"},
				"west": {"uv": [0, 0, 0, 1], "texture": "#1"},
				"up": {"uv": [11, 1, 9.5, 0], "texture": "#1"},
				"down": {"uv": [11, 0, 9.5, 1], "texture": "#1"}
			}
		},
		{
			"from": [8, 6.2, -5.9],
			"to": [8, 9.2, -3.9],
			"rotation": {"angle": 0, "axis": "y", "origin": [10, 6.2, -4.9]},
			"faces": {
				"north": {"uv": [0, 0, 0, 1.5], "texture": "#1"},
				"east": {"uv": [9.5, 0.5, 8.5, 2], "texture": "#1"},
				"south": {"uv": [0, 0, 0, 1.5], "texture": "#1"},
				"west": {"uv": [8.5, 0.5, 9.5, 2], "texture": "#1"},
				"up": {"uv": [0, 1, 0, 0], "texture": "#1"},
				"down": {"uv": [0, 0, 0, 1], "texture": "#1"}
			}
		}
	],
	"display": {
		"thirdperson_righthand": {
			"rotation": [25.5, 0, 0],
			"translation": [0, 1.5, 1.5],
			"scale": [0.55, 0.55, 0.55]
		},
		"thirdperson_lefthand": {
			"rotation": [25, 0, 0],
			"translation": [0, 1.5, 1.5],
			"scale": [0.55, 0.55, 0.55]
		},
		"firstperson_righthand": {
			"rotation": [25, 0, 0],
			"translation": [2.75, 13, 1.75],
			"scale": [0.7, 0.7, 0.7]
		},
		"firstperson_lefthand": {
			"rotation": [25, 0, 0],
			"translation": [2.75, 3, 1.75],
			"scale": [0.7, 0.7, 0.7]
		},
		"ground": {
			"translation": [0, 2, 0],
			"scale": [0.5, 0.5, 0.5]
		},
		"gui": {
			"rotation": [0, -90, 0],
			"translation": [-4.5, 2.5, 0]
		},
		"head": {
			"translation": [0, 0.75, 0]
		},
		"fixed": {
			"rotation": [0, 90, 0],
			"translation": [4.5, 2.5, 0]
		}
	},
	"groups": [
		{
			"name": "gun",
			"origin": [8, 8, 8],
			"color": 0,
			"nbt": "{}",
			"children": [
				{
					"name": "static",
					"origin": [8, 8, 8],
					"color": 0,
					"nbt": "{}",
					"children": [
						{
							"name": "handle",
							"origin": [7, 2, 7],
							"color": 0,
							"nbt": "{}",
							"children": [
								0,
								{
									"name": "trigger",
									"origin": [7, 0.65224, 4.51537],
									"color": 0,
									"nbt": "{}",
									"children": [1, 2, 3]
								}
							]
						},
						{
							"name": "slide",
							"origin": [7.5, 3.69133, 2.47554],
							"color": 0,
							"nbt": "{}",
							"children": [4, 5, 6]
						},
						7
					]
				},
				{
					"name": "muzzle_flash",
					"origin": [8, 8, 8],
					"color": 0,
					"nbt": "{}",
					"children": [8, 9, 10]
				}
			]
		}
	]
}