{
	"credit": "Made with Blockbench",
	"texture_size": [128, 128],
	"textures": {
		"2": "item/custom/husher"
	},
	"elements": [
		{
			"name": "top",
			"from": [1, 29, 1],
			"to": [15, 32, 15],
			"rotation": {"angle": 0, "axis": "y", "origin": [-1, -1, 1]},
			"faces": {
				"north": {"uv": [5.25, 1.5, 7, 1.875], "texture": "#2"},
				"east": {"uv": [5.25, 1.5, 7, 1.875], "texture": "#2"},
				"south": {"uv": [5.25, 1.5, 7, 1.875], "texture": "#2"},
				"west": {"uv": [5.25, 1.5, 7, 1.875], "texture": "#2"},
				"up": {"uv": [5.25, 1.75, 3.5, 0], "texture": "#2"},
				"down": {"uv": [5.25, 1.75, 3.5, 3.5], "texture": "#2"}
			}
		},
		{
			"name": "hole",
			"from": [3, 32, 3],
			"to": [13, 17, 13],
			"rotation": {"angle": 0, "axis": "y", "origin": [-1, 138, 1]},
			"faces": {
				"north": {"uv": [3.5, 3.5, 4.75, 5.375], "texture": "#2"},
				"east": {"uv": [3.5, 3.5, 4.75, 5.375], "texture": "#2"},
				"south": {"uv": [3.5, 3.5, 4.75, 5.375], "texture": "#2"},
				"west": {"uv": [3.5, 3.5, 4.75, 5.375], "texture": "#2"},
				"up": {"uv": [6, 4.75, 4.75, 3.5], "texture": "#2"},
				"down": {"uv": [8, 3.875, 6.75, 5.125], "texture": "#2"}
			}
		},
		{
			"name": "rim",
			"from": [2, 28, 2],
			"to": [14, 30, 14],
			"rotation": {"angle": 0, "axis": "y", "origin": [-1, -3, 1]},
			"faces": {
				"north": {"uv": [5.25, 2.5, 6.75, 2.75], "texture": "#2"},
				"east": {"uv": [5.25, 2.75, 6.75, 3], "texture": "#2"},
				"south": {"uv": [5.25, 3, 6.75, 3.25], "texture": "#2"},
				"west": {"uv": [5.25, 3.25, 6.75, 3.5], "texture": "#2"},
				"up": {"uv": [1.5, 5.625, 0, 4.125], "texture": "#2"},
				"down": {"uv": [3, 4.125, 1.5, 5.625], "texture": "#2"}
			}
		},
		{
			"name": "pot",
			"from": [1, -4, 1],
			"to": [15, 28, 15],
			"rotation": {"angle": 0, "axis": "y", "origin": [-1, -4, 1]},
			"faces": {
				"north": {"uv": [0, 0, 1.75, 4.125], "texture": "#2"},
				"east": {"uv": [1.75, 0, 3.5, 4.125], "texture": "#2"},
				"south": {"uv": [0, 0, 1.75, 4.125], "texture": "#2"},
				"west": {"uv": [1.75, 0, 3.5, 4.125], "texture": "#2"},
				"up": {"uv": [5.25, 1.75, 3.5, 0], "texture": "#2"},
				"down": {"uv": [5.25, 1.75, 3.5, 3.5], "texture": "#2"}
			}
		},
		{
			"from": [15, 20, 6.5],
			"to": [21, 26, 9.5],
			"rotation": {"angle": 0, "axis": "y", "origin": [5, -10, 6.5]},
			"faces": {
				"north": {"uv": [5.25, 0, 6, 0.75], "texture": "#2"},
				"east": {"uv": [0.125, 5.625, 0.5, 6.375], "texture": "#2"},
				"south": {"uv": [6, 0, 5.25, 0.75], "texture": "#2"},
				"west": {"uv": [0.5, 5.625, 0.875, 6.375], "texture": "#2"},
				"up": {"uv": [1.625, 6, 0.875, 5.625], "texture": "#2"},
				"down": {"uv": [2.375, 5.625, 1.625, 6], "texture": "#2"}
			}
		},
		{
			"from": [19, 22, 6.5],
			"to": [15, 24, 9.5],
			"rotation": {"angle": 0, "axis": "y", "origin": [9, -8, 6.5]},
			"faces": {
				"north": {"uv": [6.125, 6.5, 6.625, 6.75], "texture": "#2"},
				"east": {"uv": [7.375, 3.125, 7.75, 3.375], "texture": "#2"},
				"south": {"uv": [6.875, 6.125, 7.375, 6.375], "texture": "#2"},
				"west": {"uv": [6, 3.5, 6.375, 3.75], "texture": "#2"},
				"up": {"uv": [6.875, 3.875, 6.375, 3.5], "texture": "#2"},
				"down": {"uv": [6.875, 3.5, 6.375, 3.875], "texture": "#2"}
			}
		},
		{
			"from": [-5, 20, 6.5],
			"to": [1, 26, 9.5],
			"rotation": {"angle": 0, "axis": "y", "origin": [11, -10, 6.5]},
			"faces": {
				"north": {"uv": [6, 0, 5.25, 0.75], "texture": "#2"},
				"east": {"uv": [0.875, 5.625, 0.5, 6.375], "texture": "#2"},
				"south": {"uv": [5.25, 0, 6, 0.75], "texture": "#2"},
				"west": {"uv": [0.5, 5.625, 0.125, 6.375], "texture": "#2"},
				"up": {"uv": [0.875, 6, 1.625, 5.625], "texture": "#2"},
				"down": {"uv": [1.625, 5.625, 2.375, 6], "texture": "#2"}
			}
		},
		{
			"from": [1, 22, 6.5],
			"to": [-3, 24, 9.5],
			"rotation": {"angle": 0, "axis": "y", "origin": [7, -8, 6.5]},
			"faces": {
				"north": {"uv": [6.625, 6.5, 6.125, 6.75], "texture": "#2"},
				"east": {"uv": [6.375, 3.5, 6, 3.75], "texture": "#2"},
				"south": {"uv": [7.375, 6.125, 6.875, 6.375], "texture": "#2"},
				"west": {"uv": [7.75, 3.125, 7.375, 3.375], "texture": "#2"},
				"up": {"uv": [6.375, 3.875, 6.875, 3.5], "texture": "#2"},
				"down": {"uv": [6.375, 3.5, 6.875, 3.875], "texture": "#2"}
			}
		}
	],
	"display": {
		"thirdperson_righthand": {
			"rotation": [75, 45, 0],
			"translation": [0, 2.5, 0],
			"scale": [0.375, 0.375, 0.375]
		},
		"thirdperson_lefthand": {
			"rotation": [75, 45, 0],
			"translation": [0, 2.5, 0],
			"scale": [0.375, 0.375, 0.375]
		},
		"firstperson_righthand": {
			"rotation": [0, 45, 0],
			"scale": [0.4, 0.4, 0.4]
		},
		"firstperson_lefthand": {
			"rotation": [0, 225, 0],
			"scale": [0.4, 0.4, 0.4]
		},
		"ground": {
			"translation": [0, 3, 0],
			"scale": [0.25, 0.25, 0.25]
		},
		"gui": {
			"rotation": [30, 225, 0],
			"translation": [0, -2, 0],
			"scale": [0.36, 0.36, 0.36]
		},
		"head": {
			"translation": [0, 5, 0]
		},
		"fixed": {
			"translation": [0, -3, 0],
			"scale": [0.5, 0.5, 0.5]
		}
	},
	"groups": [
		{
			"name": "husher",
			"origin": [8, 8, 8],
			"color": 0,
			"nbt": "{}",
			"children": [
				0,
				1,
				2,
				3,
				{
					"name": "handles",
					"origin": [8, 8, 8],
					"color": 0,
					"nbt": "{}",
					"children": [
						{
							"name": "right_handle",
							"origin": [4, 20, 0],
							"color": 0,
							"nbt": "{}",
							"children": [4, 5]
						},
						{
							"name": "right_handle",
							"origin": [4, 20, 0],
							"color": 0,
							"nbt": "{}",
							"children": [6, 7]
						},
						{
							"name": "left_handle",
							"origin": [4, 20, 0],
							"color": 0,
							"nbt": "{}",
							"children": []
						}
					]
				}
			]
		}
	]
}