{
	"credit": "Made with Blockbench",
	"textures": {
		"0": "item/custom/key",
		"particle": "item/custom/key"
	},
	"elements": [
		{
			"from": [7.5, 7, 8.5],
			"to": [8.5, 10, 11.5],
			"rotation": {"angle": 0, "axis": "y", "origin": [6.5, 7, 8.5]},
			"faces": {
				"north": {"uv": [2, 2, 3, 5], "texture": "#0"},
				"east": {"uv": [0, 2, 3, 5], "texture": "#0"},
				"south": {"uv": [0, 2, 1, 5], "texture": "#0"},
				"west": {"uv": [3, 2, 0, 5], "texture": "#0"},
				"up": {"uv": [3, 2, 2, 5], "texture": "#0"},
				"down": {"uv": [1, 5, 0, 2], "texture": "#0"}
			}
		},
		{
			"from": [8.5, 9, 10.5],
			"to": [7.5, 8, 9.5],
			"rotation": {"angle": 0, "axis": "y", "origin": [6.5, 8, 7.5]},
			"faces": {
				"north": {"uv": [0, 3, 1, 4], "texture": "#0"},
				"east": {"uv": [1, 3, 2, 4], "texture": "#0"},
				"south": {"uv": [2, 3, 3, 4], "texture": "#0"},
				"west": {"uv": [1, 3, 2, 4], "texture": "#0"},
				"up": {"uv": [2, 5, 1, 4], "texture": "#0"},
				"down": {"uv": [2, 2, 1, 3], "texture": "#0"}
			}
		},
		{
			"from": [8.5, 8.5, 6.5],
			"to": [7.5, 7.5, 5.5],
			"rotation": {"angle": 0, "axis": "y", "origin": [6.5, 7.5, 3.5]},
			"faces": {
				"north": {"uv": [1, 1, 2, 2], "texture": "#0"},
				"east": {"uv": [2, 1, 3, 2], "texture": "#0"},
				"south": {"uv": [3, 1, 4, 2], "texture": "#0"},
				"west": {"uv": [2, 1, 3, 2], "texture": "#0"},
				"up": {"uv": [3, 2, 2, 1], "texture": "#0"},
				"down": {"uv": [3, 0, 2, 1], "texture": "#0"}
			}
		},
		{
			"from": [8.5, 8.5, 8.5],
			"to": [7.5, 7.5, 7.5],
			"rotation": {"angle": 0, "axis": "y", "origin": [6.5, 7.5, 5.5]},
			"faces": {
				"north": {"uv": [0, 1, 1, 2], "texture": "#0"},
				"east": {"uv": [0, 1, 1, 2], "texture": "#0"},
				"south": {"uv": [1, 1, 2, 2], "texture": "#0"},
				"west": {"uv": [0, 1, 1, 2], "texture": "#0"},
				"up": {"uv": [1, 2, 0, 1], "texture": "#0"},
				"down": {"uv": [1, 0, 0, 1], "texture": "#0"}
			}
		},
		{
			"from": [7.5, 7.5, 3.5],
			"to": [8.5, 9.5, 8.5],
			"rotation": {"angle": 0, "axis": "y", "origin": [6.5, 6.5, 5.5]},
			"faces": {
				"north": {"uv": [4, 0, 5, 2], "texture": "#0"},
				"east": {"uv": [0, 0, 5, 2], "texture": "#0"},
				"south": {"uv": [0, 0, 1, 2], "texture": "#0"},
				"west": {"uv": [5, 0, 0, 2], "texture": "#0"},
				"up": {"uv": [6, 5, 5, 0], "texture": "#0"},
				"down": {"uv": [6, 5, 5, 10], "texture": "#0"}
			}
		}
	],
	"display": {
		"thirdperson_righthand": {
			"translation": [-0.75, -1, -1.5]
		},
		"thirdperson_lefthand": {
			"translation": [-0.75, -1, -1.5]
		},
		"firstperson_righthand": {
			"rotation": [10, 0, 0],
			"translation": [0, 3, 0],
			"scale": [0.7, 0.7, 0.7]
		},
		"firstperson_lefthand": {
			"rotation": [10, 0, 0],
			"translation": [0, 3, 0],
			"scale": [0.7, 0.7, 0.7]
		},
		"ground": {
			"translation": [0, 5, 0]
		},
		"gui": {
			"rotation": [30, 135, 0],
			"scale": [1.7, 1.7, 1.7]
		},
		"fixed": {
			"rotation": [90, 50, -90],
			"scale": [1.7, 1.7, 1.7]
		}
	},
	"groups": [
		{
			"name": "key",
			"origin": [8, 8, 8],
			"color": 0,
			"nbt": "{}",
			"children": [
				{
					"name": "ring",
					"origin": [8, 1, 7],
					"color": 0,
					"nbt": "{}",
					"children": [0, 1]
				},
				{
					"name": "important",
					"origin": [8, 0, 5],
					"color": 0,
					"nbt": "{}",
					"children": [2, 3, 4]
				}
			]
		}
	]
}