{
	"credit": "Made with Blockbench",
	"textures": {
		"0": "item/custom/lock_purple",
		"particle": "item/custom/lock_purple"
	},
	"elements": [
		{
			"from": [6.5, 3.5, 7.5],
			"to": [9.5, 6.5, 8.5],
			"rotation": {"angle": 0, "axis": "y", "origin": [7.5, 4.5, 7.5]},
			"faces": {
				"north": {"uv": [0, 0, 3, 3], "texture": "#0"},
				"east": {"uv": [2, 0, 3, 3], "texture": "#0"},
				"south": {"uv": [0, 0, 3, 3], "texture": "#0"},
				"west": {"uv": [0, 0, 1, 3], "texture": "#0"},
				"up": {"uv": [3, 1, 0, 0], "texture": "#0"},
				"down": {"uv": [3, 2, 0, 3], "texture": "#0"}
			}
		},
		{
			"from": [6.6, 5.6, 7.6],
			"to": [9.4, 6.4, 8.4],
			"rotation": {"angle": 0, "axis": "y", "origin": [7.5, 6.5, 7.5]},
			"faces": {
				"north": {"uv": [0, 2, 3, 3], "texture": "#0"},
				"east": {"uv": [2, 2, 3, 3], "texture": "#0"},
				"south": {"uv": [0, 2, 3, 3], "texture": "#0"},
				"west": {"uv": [0, 2, 1, 3], "texture": "#0"},
				"up": {"uv": [3, 3, 0, 2], "texture": "#0"},
				"down": {"uv": [3, 2, 0, 3], "texture": "#0"}
			}
		},
		{
			"from": [8.5, 5.5, 8.5],
			"to": [7.5, 4.5, 7.5],
			"rotation": {"angle": 0, "axis": "y", "origin": [8.5, 5.5, 7.5]},
			"faces": {
				"north": {"uv": [1, 1, 2, 2], "texture": "#0"},
				"east": {"uv": [2, 0, 3, 1], "texture": "#0"},
				"south": {"uv": [1, 0, 2, 1], "texture": "#0"},
				"west": {"uv": [0, 0, 1, 1], "texture": "#0"},
				"up": {"uv": [2, 3, 1, 2], "texture": "#0"},
				"down": {"uv": [2, 1, 1, 2], "texture": "#0"}
			}
		},
		{
			"from": [8.5, 6.5, 8.5],
			"to": [7.5, 5.5, 7.5],
			"rotation": {"angle": 0, "axis": "y", "origin": [8.5, 6.5, 7.5]},
			"faces": {
				"north": {"uv": [1, 0, 2, 1], "texture": "#0"},
				"east": {"uv": [2, 0, 3, 1], "texture": "#0"},
				"south": {"uv": [1, 0, 2, 1], "texture": "#0"},
				"west": {"uv": [0, 0, 1, 1], "texture": "#0"},
				"up": {"uv": [2, 1, 1, 0], "texture": "#0"},
				"down": {"uv": [2, 0, 1, 1], "texture": "#0"}
			}
		},
		{
			"from": [6.4, 0.4, 7.4],
			"to": [9.6, 3.6, 8.6],
			"rotation": {"angle": 0, "axis": "y", "origin": [7.5, 1.5, 7.5]},
			"faces": {
				"north": {"uv": [3, 0, 6, 3], "texture": "#0"},
				"east": {"uv": [3, 0, 4, 3], "texture": "#0"},
				"south": {"uv": [0, 3, 3, 6], "texture": "#0"},
				"west": {"uv": [5, 0, 6, 3], "texture": "#0"},
				"up": {"uv": [6, 1, 3, 0], "texture": "#0"},
				"down": {"uv": [6, 2, 3, 3], "texture": "#0"}
			}
		}
	],
	"display": {
		"thirdperson_righthand": {
			"rotation": [66.5, 0, 0],
			"translation": [0, 0, 1.75]
		},
		"thirdperson_lefthand": {
			"rotation": [66.5, 0, 0],
			"translation": [0, 0, 1.75]
		},
		"firstperson_righthand": {
			"rotation": [-10, 135, 0],
			"translation": [0, 7, -1.5]
		},
		"firstperson_lefthand": {
			"rotation": [-10, 135, 0],
			"translation": [0, 7, -1.5]
		},
		"ground": {
			"translation": [0, 5, 0]
		},
		"gui": {
			"rotation": [30, 225, 0],
			"translation": [0, 7.75, 0],
			"scale": [1.9, 1.9, 1.9]
		},
		"fixed": {
			"translation": [0, 9, 0],
			"scale": [1.9, 1.9, 1.9]
		}
	},
	"groups": [
		{
			"name": "lock",
			"origin": [6, 7, -1],
			"color": 0,
			"nbt": "{}",
			"children": [0, 1, 2, 3, 4]
		}
	]
}