{
	"credit": "Made with Blockbench",
	"textures": {
		"0": "item/custom/lock_pick",
		"particle": "item/custom/lock_pick"
	},
	"elements": [
		{
			"from": [7.8, 7.8, 2.6],
			"to": [8.2, 8.2, 8],
			"rotation": {"angle": 0, "axis": "y", "origin": [6.5, 7.5, 6.3]},
			"faces": {
				"north": {"uv": [5, 6, 6, 7], "texture": "#0"},
				"east": {"uv": [2, 2, 8, 3], "texture": "#0"},
				"south": {"uv": [6, 6, 7, 7], "texture": "#0"},
				"west": {"uv": [2, 3, 8, 4], "texture": "#0"},
				"up": {"uv": [3, 10, 2, 4], "texture": "#0"},
				"down": {"uv": [4, 4, 3, 10], "texture": "#0"}
			}
		},
		{
			"from": [7.8, 7.4, 2.6],
			"to": [8.2, 7.8, 3],
			"rotation": {"angle": 0, "axis": "y", "origin": [6.5, 7.1, 6.3]},
			"faces": {
				"north": {"uv": [7, 0, 8, 1], "texture": "#0"},
				"east": {"uv": [7, 1, 8, 2], "texture": "#0"},
				"south": {"uv": [7, 4, 8, 5], "texture": "#0"},
				"west": {"uv": [5, 7, 6, 8], "texture": "#0"},
				"up": {"uv": [8, 6, 7, 5], "texture": "#0"},
				"down": {"uv": [7, 7, 6, 8], "texture": "#0"}
			}
		},
		{
			"from": [7.5, 7.5, 8],
			"to": [8.5, 8.5, 10],
			"rotation": {"angle": 0, "axis": "y", "origin": [6.5, 7.5, 8]},
			"faces": {
				"north": {"uv": [8, 0, 9, 1], "texture": "#0"},
				"east": {"uv": [4, 4, 6, 5], "texture": "#0"},
				"south": {"uv": [8, 1, 9, 2], "texture": "#0"},
				"west": {"uv": [4, 5, 6, 6], "texture": "#0"},
				"up": {"uv": [5, 8, 4, 6], "texture": "#0"},
				"down": {"uv": [7, 4, 6, 6], "texture": "#0"}
			}
		}
	],
	"display": {
		"thirdperson_righthand": {
			"translation": [-0.75, 0.5, -1]
		},
		"thirdperson_lefthand": {
			"translation": [-0.75, 0.5, -1]
		},
		"firstperson_righthand": {
			"translation": [1, 3, 1]
		},
		"firstperson_lefthand": {
			"translation": [1, 3, 1]
		},
		"gui": {
			"rotation": [30, 135, 0],
			"translation": [2, 1, 0],
			"scale": [2.1, 2.1, 2.1]
		},
		"fixed": {
			"rotation": [90, 50, -90],
			"translation": [3.25, -1.5, 0],
			"scale": [2.5, 2.5, 2.5]
		}
	},
	"groups": [
		{
			"name": "group",
			"origin": [8, 8, 8],
			"color": 0,
			"nbt": "{}",
			"children": [0, 1, 2]
		}
	]
}