{
	"credit": "Made with Blockbench",
	"texture_size": [32, 32],
	"textures": {
		"0": "item/custom/sword_fire_green",
		"particle": "item/custom/sword_fire_green"
	},
	"elements": [
		{
			"name": "tong",
			"from": [7.5, 7, 7.5],
			"to": [8.5, 21, 8.5],
			"rotation": {"angle": 0, "axis": "y", "origin": [6.5, 7, 7.5]},
			"faces": {
				"north": {"uv": [0.5, 1.5, 1, 8.5], "texture": "#0"},
				"east": {"uv": [0.5, 1.5, 1, 8.5], "texture": "#0"},
				"south": {"uv": [0.5, 1.5, 1, 8.5], "texture": "#0"},
				"west": {"uv": [0.5, 1.5, 1, 8.5], "texture": "#0"},
				"up": {"uv": [0.5, 1.5, 1, 2], "texture": "#0"},
				"down": {"uv": [0.5, 1.5, 1, 2], "texture": "#0"}
			}
		},
		{
			"name": "edge",
			"from": [8, 7, 6.5],
			"to": [8, 24, 9.5],
			"rotation": {"angle": 0, "axis": "y", "origin": [6, 7, 6.5]},
			"faces": {
				"north": {"uv": [0, 0, 0, 8.5], "texture": "#0"},
				"east": {"uv": [0, 0, 1.5, 8.5], "texture": "#0"},
				"south": {"uv": [0, 0, 0, 8.5], "texture": "#0"},
				"west": {"uv": [0, 0, 1.5, 8.5], "texture": "#0"},
				"up": {"uv": [0, 1.5, 0, 0], "texture": "#0"},
				"down": {"uv": [0, 0, 0, 1.5], "texture": "#0"}
			}
		},
		{
			"name": "handle",
			"from": [7.5, 1.5, 7.5],
			"to": [8.5, 6.5, 8.5],
			"rotation": {"angle": 0, "axis": "y", "origin": [6.5, 1.5, 7.5]},
			"faces": {
				"north": {"uv": [1.5, 1, 2, 3.5], "texture": "#0"},
				"east": {"uv": [1.5, 1, 2, 3.5], "texture": "#0"},
				"south": {"uv": [1.5, 1, 2, 3.5], "texture": "#0"},
				"west": {"uv": [1.5, 1, 2, 3.5], "texture": "#0"},
				"up": {"uv": [1.5, 1, 2, 1.5], "texture": "#0"},
				"down": {"uv": [1.5, 1, 2, 1.5], "texture": "#0"}
			}
		},
		{
			"name": "crossguard",
			"from": [7, 6, 5.5],
			"to": [9, 7, 10.5],
			"rotation": {"angle": 0, "axis": "y", "origin": [6, 6, 7.5]},
			"faces": {
				"north": {"uv": [3.5, 0, 4, 1], "rotation": 90, "texture": "#0"},
				"east": {"uv": [1.5, 0, 4, 0.5], "texture": "#0"},
				"south": {"uv": [1.5, 0, 2, 1], "rotation": 90, "texture": "#0"},
				"west": {"uv": [1.5, 0, 4, 0.5], "texture": "#0"},
				"up": {"uv": [4, 1, 1.5, 0], "rotation": 90, "texture": "#0"},
				"down": {"uv": [1.5, 1, 4, 0], "rotation": 90, "texture": "#0"}
			}
		},
		{
			"name": "pommel",
			"from": [7, -0.5, 7],
			"to": [9, 1.5, 9],
			"rotation": {"angle": 0, "axis": "y", "origin": [7, -0.5, 8]},
			"faces": {
				"north": {"uv": [2, 1, 3, 2], "texture": "#0"},
				"east": {"uv": [2, 1, 3, 2], "texture": "#0"},
				"south": {"uv": [2, 1, 3, 2], "texture": "#0"},
				"west": {"uv": [2, 1, 3, 2], "texture": "#0"},
				"up": {"uv": [2, 1, 3, 2], "texture": "#0"},
				"down": {"uv": [2, 1, 3, 2], "texture": "#0"}
			}
		}
	],
	"display": {
		"thirdperson_righthand": {
			"translation": [0, 2.25, 1.5]
		},
		"thirdperson_lefthand": {
			"translation": [0, 2.25, 1.25]
		},
		"firstperson_righthand": {
			"rotation": [9.5, 10, 0],
			"translation": [0, 2.75, 2.1],
			"scale": [0.65, 0.65, 0.65]
		},
		"firstperson_lefthand": {
			"rotation": [9.5, 10, 0],
			"translation": [0, 2.75, 2.1],
			"scale": [0.65, 0.65, 0.65]
		},
		"ground": {
			"rotation": [0, 0, 90],
			"translation": [5, 0, 0]
		},
		"gui": {
			"rotation": [-90, 135, 90],
			"translation": [-2.25, -2.25, 0],
			"scale": [0.9, 0.9, 0.9]
		},
		"head": {
			"rotation": [100, 0, 0],
			"translation": [0, 1, -7.5],
			"scale": [1.5, 1.5, 1.5]
		},
		"fixed": {
			"rotation": [-90, 45, 90],
			"translation": [2.75, -2.75, 0.75]
		}
	},
	"groups": [
		{
			"name": "sword",
			"origin": [8, 8, 8],
			"color": 0,
			"nbt": "{}",
			"children": [
				{
					"name": "blade",
					"origin": [6, 8, 6.5],
					"color": 0,
					"nbt": "{}",
					"children": [0, 1]
				},
				{
					"name": "handle",
					"origin": [6, 6, 7.5],
					"color": 0,
					"nbt": "{}",
					"children": [2, 3, 4]
				}
			]
		}
	]
}