{
	"credit": "Made with Blockbench",
	"texture_size": [4, 13],
	"textures": {
		"0": "item/custom/wand",
		"particle": "item/custom/wand"
	},
	"elements": [
		{
			"name": "handle",
			"from": [7, -6, 7],
			"to": [9, 4, 9],
			"rotation": {"angle": 0, "axis": "y", "origin": [7, -6, 7]},
			"faces": {
				"north": {"uv": [0, 1.23077, 8, 13.53846], "texture": "#0"},
				"east": {"uv": [0, 1.23077, 8, 13.53846], "texture": "#0"},
				"south": {"uv": [0, 1.23077, 8, 13.53846], "texture": "#0"},
				"west": {"uv": [0, 1.23077, 8, 13.53846], "texture": "#0"},
				"up": {"uv": [8, 2.46154, 0, 0], "texture": "#0"},
				"down": {"uv": [8, 13.53846, 0, 16], "texture": "#0"}
			}
		},
		{
			"name": "wand",
			"from": [7.5, 4, 7.5],
			"to": [8.5, 17, 8.5],
			"rotation": {"angle": 0, "axis": "y", "origin": [7.5, 9, 6.5]},
			"faces": {
				"north": {"uv": [8, 0, 12, 16], "texture": "#0"},
				"east": {"uv": [8, 0, 12, 16], "texture": "#0"},
				"south": {"uv": [8, 0, 12, 16], "texture": "#0"},
				"west": {"uv": [8, 0, 12, 16], "texture": "#0"},
				"up": {"uv": [12, 1.23077, 8, 0], "texture": "#0"},
				"down": {"uv": [12, 14.76923, 8, 16], "texture": "#0"}
			}
		},
		{
			"name": "light",
			"from": [7.499, 3.999, 7.499],
			"to": [8.501, 17.001, 8.501],
			"rotation": {"angle": 0, "axis": "y", "origin": [7.5, 9, 6.5]},
			"faces": {
				"north": {"uv": [12, 0, 16, 16], "texture": "#0"},
				"east": {"uv": [12, 0, 16, 16], "texture": "#0"},
				"south": {"uv": [12, 0, 16, 16], "texture": "#0"},
				"west": {"uv": [12, 0, 16, 16], "texture": "#0"},
				"up": {"uv": [16, 1.23077, 12, 0], "texture": "#0"},
				"down": {"uv": [16, 14.76923, 12, 16], "texture": "#0"}
			}
		}
	],
	"display": {
		"thirdperson_righthand": {
			"translation": [0, 3, 1],
			"scale": [0.55, 0.55, 0.55]
		},
		"thirdperson_lefthand": {
			"translation": [0, 3, 1],
			"scale": [0.55, 0.55, 0.55]
		},
		"firstperson_righthand": {
			"rotation": [0, -90, 25],
			"translation": [1.13, 3.2, 1.13],
			"scale": [0.68, 0.68, 0.68]
		},
		"firstperson_lefthand": {
			"rotation": [0, -90, 25],
			"translation": [1.13, 3.2, 1.13],
			"scale": [0.68, 0.68, 0.68]
		},
		"ground": {
			"rotation": [0, 0, 90],
			"translation": [-1.5, 2, 0],
			"scale": [0.5, 0.5, 0.5]
		},
		"head": {
			"rotation": [0, 180, 0],
			"translation": [0, 13, 7]
		},
		"fixed": {
			"rotation": [0, 180, 0]
		}
	},
	"groups": [
		{
			"name": "wand",
			"origin": [8, 8, 8],
			"color": 0,
			"nbt": "{}",
			"children": [0, 1, 2]
		}
	]
}