{
  "parent": "minecraft:item/generated",
  "textures": {
    "layer0": "item/ghast_spawn_egg"
  },
  "overrides": [
    {
      "predicate": { "custom_model_data": 900 },
      "model": "item/custom/coin"
    },
    {
      "predicate": { "custom_model_data": 910 },
      "model": "item/custom/lock"
    },
    {
      "predicate": { "custom_model_data": 911 },
      "model": "item/custom/lock_red"
    },
    {
      "predicate": { "custom_model_data": 912 },
      "model": "item/custom/lock_purple"
    },
    {
      "predicate": { "custom_model_data": 920 },
      "model": "item/custom/key"
    },
    {
      "predicate": { "custom_model_data": 1000 },
      "model": "item/custom/collector"
    },
    {
      "predicate": { "custom_model_data": 1010 },
      "model": "item/custom/husher"
    }
  ]
}
